avataar,name,age,active,homepage,email,gender,birthdate,status
https://dummyimage.com/281x516,Ashley Huerta,67,True,http://holder.org/,jilljohnson@example.com,Male,2019-09-22,Inactive
https://placekitten.com/1003/235,Jacob Mays,70,False,http://www.miller.org/,bmorgan@example.com,Female,1933-05-25,Active
https://picsum.photos/314/579,Ryan Evans,72,False,http://smith.net/,epaul@example.com,Female,1940-09-03,Inactive
https://dummyimage.com/520x150,Sherri Adams,63,True,http://www.smith.com/,fieldsdaniel@example.com,Female,1940-11-17,Active
https://picsum.photos/79/107,Antonio Jackson,80,True,http://www.gutierrez-baker.com/,summersmichael@example.net,Female,1976-01-22,Inactive
https://picsum.photos/698/14,Nancy Sullivan,75,False,https://www.williams-martin.com/,nhenderson@example.com,Male,1965-09-08,Inactive
https://picsum.photos/339/287,Jennifer Greene,49,True,https://graves.com/,francojennifer@example.com,Female,1934-10-12,Inactive
https://picsum.photos/969/957,Alexander Jones,97,False,http://www.castro.net/,csteele@example.org,Female,2007-09-11,Inactive
https://dummyimage.com/958x166,Kathy Jones DDS,51,True,https://www.rios-mcgee.info/,amatthews@example.org,Female,2014-08-09,Active
https://placekitten.com/379/124,Nancy Bowman,56,True,http://www.harper-lynch.com/,umaxwell@example.net,Male,1936-08-20,Active
https://picsum.photos/865/521,Christie Valenzuela,20,True,http://garcia.info/,christinefrederick@example.org,Female,1949-08-05,Inactive
https://dummyimage.com/225x290,Mr. Louis Roberts MD,19,False,http://merritt.com/,joshua43@example.net,Male,1940-08-20,Inactive
https://picsum.photos/196/497,Miss Brittany Howard MD,57,True,http://armstrong.com/,tnorman@example.net,Female,1924-12-05,Inactive
https://picsum.photos/986/770,Michael Church,23,False,https://www.oconnell.info/,lconrad@example.com,Male,1976-09-04,Inactive
https://placekitten.com/853/542,Connie Nelson,59,True,https://www.shields.com/,johnkennedy@example.org,Female,1997-10-20,Active
https://picsum.photos/382/592,Emily Stephens,29,False,https://www.sullivan-williams.com/,shernandez@example.net,Male,1965-01-27,Active
https://placekitten.com/55/411,Christopher Thomas,27,False,https://gilmore.com/,robbinsjason@example.com,Female,1982-02-15,Active
https://picsum.photos/140/824,Robert Mccoy,47,False,https://www.porter-roberts.com/,ydeleon@example.net,Male,1990-05-22,Active
https://placekitten.com/404/500,Kristina Mejia,31,True,https://velasquez.com/,kenneth78@example.org,Male,1948-11-22,Active
https://dummyimage.com/669x160,Robert Nelson,45,True,https://www.foster.com/,pamela40@example.org,Female,1979-03-12,Active
https://placekitten.com/355/144,William Hogan,49,True,https://www.smith.com/,katherine23@example.net,Female,1970-04-25,Active
https://placekitten.com/995/485,Joyce Thomas,20,False,http://www.wright.com/,nancybooth@example.org,Female,2011-10-18,Inactive
https://dummyimage.com/570x398,Rhonda Everett,60,True,http://www.walker.com/,lewisjessica@example.com,Male,2001-04-11,Active
https://dummyimage.com/426x324,Ronald Bentley,60,False,http://carpenter.info/,uthompson@example.com,Female,2004-05-26,Inactive
https://placekitten.com/608/1011,John Strickland,46,True,http://www.winters.info/,schwartzemily@example.com,Female,1976-12-20,Inactive
https://picsum.photos/840/143,Jacob Vega,53,True,https://www.burns.biz/,douglas47@example.org,Female,1908-10-20,Inactive
https://dummyimage.com/358x33,Stefanie Preston,50,False,http://www.johnston-fritz.com/,zacharywilliams@example.net,Male,1986-03-21,Active
https://dummyimage.com/713x220,Cory Wright,45,True,http://www.clark-stewart.com/,crystal09@example.com,Female,2014-09-21,Inactive
https://dummyimage.com/391x384,Matthew Williams PhD,66,True,https://www.mccoy.com/,todd57@example.net,Female,1987-12-13,Inactive
https://picsum.photos/522/845,Vincent Klein MD,56,True,http://www.hamilton.info/,betty19@example.org,Female,1991-03-03,Active
https://placekitten.com/813/75,Robin Olson,25,False,https://bass-burgess.info/,mullinssamantha@example.net,Female,1968-10-06,Inactive
https://picsum.photos/779/677,Brian Carson Jr.,33,True,http://carter-king.org/,glassdave@example.com,Female,1940-04-12,Inactive
https://placekitten.com/606/232,Jacob Bartlett,35,False,https://www.potter.com/,adamduncan@example.net,Male,1954-03-09,Inactive
https://placekitten.com/8/998,Marcus Burton,83,False,http://www.forbes.com/,coneal@example.com,Male,1962-04-13,Inactive
https://picsum.photos/95/149,Nicole Williams,74,True,https://trujillo.info/,singhmelissa@example.com,Male,2023-10-03,Inactive
https://dummyimage.com/371x203,Nicole Wright,99,False,https://carlson.com/,garrisonkristin@example.net,Female,1999-04-14,Inactive
https://dummyimage.com/284x576,Daniel Bates,88,True,https://ortega-lawrence.info/,justinburns@example.org,Female,1946-11-07,Active
https://placekitten.com/585/528,Stephanie Meadows,23,True,https://www.finley.com/,kvaldez@example.org,Female,1920-12-11,Inactive
https://picsum.photos/791/145,Robert Allen,22,False,http://hernandez.com/,cowancody@example.org,Female,1911-05-24,Inactive
https://dummyimage.com/53x58,Holly Lee,67,True,http://levy.com/,cblevins@example.org,Male,1975-05-17,Active
https://picsum.photos/834/248,Victoria Cooper,28,True,http://johnson.com/,dowens@example.org,Female,1953-03-07,Inactive
https://placekitten.com/796/715,John Miles,92,True,http://www.rose.com/,shawn91@example.com,Female,1960-03-08,Inactive
https://placekitten.com/879/569,Emily Olson,64,False,https://www.carlson-moore.net/,linda02@example.net,Female,2009-07-01,Active
https://placekitten.com/497/40,Cody Mendez,56,True,http://www.miller.net/,tiffany09@example.net,Female,1920-11-22,Inactive
https://picsum.photos/421/377,Emily Harris,98,True,https://www.green.com/,thomas34@example.com,Male,1971-01-10,Inactive
https://dummyimage.com/654x877,Olivia Bowman,30,False,http://www.chandler.com/,terri85@example.net,Male,1972-04-02,Inactive
https://dummyimage.com/267x9,Christy Elliott,62,False,http://www.cabrera-cruz.com/,lorigomez@example.net,Male,1991-12-05,Inactive
https://dummyimage.com/87x445,Tami Levy,86,False,https://hart-lee.com/,hhunter@example.org,Female,1926-04-11,Inactive
https://dummyimage.com/442x991,Jamie Jordan,64,True,https://www.johnston.com/,mrivera@example.org,Male,1999-03-11,Inactive
https://picsum.photos/482/128,David Meza,87,False,http://gomez.org/,jessica80@example.com,Male,2021-02-21,Active
https://picsum.photos/912/374,Shannon Hull,52,True,https://hahn.biz/,erin54@example.net,Female,1993-05-18,Inactive
https://dummyimage.com/935x385,Jocelyn Clarke,60,True,http://www.johnson.com/,melissa38@example.com,Male,1997-02-04,Active
https://placekitten.com/423/197,Michael Wells,36,False,http://www.lloyd.biz/,david48@example.net,Female,1971-08-05,Inactive
https://placekitten.com/4/768,Adam Berry,40,True,https://www.gutierrez.com/,ryanshawn@example.net,Female,1968-10-30,Active
https://placekitten.com/168/388,April Spence,34,True,http://www.brown.biz/,timothy00@example.com,Female,1976-01-31,Inactive
https://dummyimage.com/992x124,Nancy Meyers,97,False,https://pruitt-hall.com/,cdavis@example.org,Male,1928-01-12,Active
https://picsum.photos/965/414,Ashley Anderson,67,True,https://burns.com/,uerickson@example.net,Female,1935-03-22,Active
https://placekitten.com/143/811,Alyssa Johnson,47,False,http://www.morris-fry.com/,julie93@example.com,Female,1970-01-13,Active
https://placekitten.com/562/298,Patrick Porter,31,False,https://www.burnett.com/,arichardson@example.org,Male,2005-11-11,Inactive
https://placekitten.com/295/420,James Jones,29,True,https://www.lam.com/,qpatterson@example.org,Male,2009-12-07,Inactive
https://dummyimage.com/52x133,Renee Gray,61,True,https://martinez.com/,michael50@example.net,Female,1967-06-11,Active
https://picsum.photos/43/320,Natalie Dougherty,46,False,http://www.vasquez.org/,brownjohn@example.net,Female,1932-05-02,Active
https://dummyimage.com/138x684,Melissa Dunn,50,True,http://www.gardner.com/,nrice@example.org,Female,1913-08-28,Inactive
https://picsum.photos/752/717,Michael Hutchinson,50,True,http://padilla-bender.com/,gonzalesisaac@example.net,Male,1954-12-29,Active
https://picsum.photos/72/79,Becky Hanson,56,True,https://lynn.com/,melissagomez@example.org,Male,1998-04-01,Inactive
https://picsum.photos/966/918,Victor Diaz,42,True,https://brooks.biz/,marshallrichard@example.net,Male,2020-01-23,Inactive
https://placekitten.com/912/154,Stephanie Ellis,46,True,http://smith.biz/,heather94@example.com,Female,1984-10-27,Active
https://placekitten.com/907/636,Keith Hernandez,75,False,https://www.castro.com/,aellison@example.com,Male,1928-12-11,Inactive
https://dummyimage.com/84x997,Luke Cooper,96,True,https://www.green.org/,christinemccarthy@example.net,Female,2016-04-21,Inactive
https://picsum.photos/258/811,Christopher Preston,58,False,http://www.taylor.info/,bbean@example.net,Male,1952-07-12,Active
https://picsum.photos/563/657,Todd Harris,86,True,http://knight.com/,roy39@example.com,Female,1980-09-21,Active
https://placekitten.com/807/755,Barbara Carey,61,True,https://www.pittman.com/,alewis@example.org,Male,1915-04-26,Inactive
https://dummyimage.com/54x627,Noah Frank,35,False,http://www.mcgee.org/,breanna75@example.com,Male,1971-07-24,Active
https://picsum.photos/175/321,Jose Williams,37,False,https://www.martin.com/,taylorkent@example.net,Female,2009-12-01,Active
https://dummyimage.com/900x116,William Davis,60,True,http://miller.net/,penalauren@example.com,Female,1954-07-24,Inactive
https://placekitten.com/928/248,George Hoffman MD,63,False,http://sawyer.com/,gonzalezerin@example.net,Female,1938-08-11,Inactive
https://picsum.photos/159/892,Kerry Webster,60,True,https://www.miller.net/,gonzaleskim@example.com,Male,1917-06-29,Inactive
https://placekitten.com/250/199,Michael Kim,30,False,http://landry.com/,ngreen@example.org,Male,1970-08-20,Active
https://placekitten.com/486/237,Jason Mueller,41,False,https://www.cannon.com/,tammyreyes@example.com,Male,1973-10-08,Inactive
https://placekitten.com/588/271,Autumn Webb,78,False,http://www.williams.net/,mark10@example.com,Male,1992-10-05,Inactive
https://placekitten.com/827/29,Nicholas Young,25,True,https://graves.com/,adamlin@example.org,Female,1918-07-14,Active
https://picsum.photos/955/902,Matthew Hernandez,73,False,https://morris.com/,victoriahenderson@example.net,Female,2018-02-18,Active
https://dummyimage.com/193x290,Jennifer Campos,56,True,http://www.wilson.com/,robert76@example.org,Male,1985-03-07,Active
https://picsum.photos/761/104,Ashley Crawford,41,True,https://www.hill.info/,vcooke@example.org,Female,1909-02-04,Inactive
https://picsum.photos/842/620,Raymond Dunn,18,False,https://www.davidson.biz/,jasonjohnson@example.com,Female,1917-11-21,Inactive
https://dummyimage.com/1009x37,Maxwell Baird,44,False,http://roberts-white.com/,lriley@example.com,Female,1991-05-14,Active
https://dummyimage.com/982x137,Jordan Baker,25,True,https://carpenter-peters.com/,brownmelissa@example.org,Female,1911-11-02,Active
https://picsum.photos/105/473,Kenneth Williams,30,False,https://www.martin.com/,nicolehansen@example.org,Male,1959-03-15,Inactive
https://dummyimage.com/689x815,Mary Spencer,22,True,http://www.hanson.com/,stephanieberry@example.net,Female,1934-08-28,Active
https://placekitten.com/44/894,Joel Scott,87,True,https://www.hardy.com/,dawngutierrez@example.net,Male,1972-01-27,Inactive
https://placekitten.com/624/219,Brian Avery,74,True,http://fisher-nelson.com/,ithomas@example.com,Male,1935-08-28,Inactive
https://picsum.photos/83/178,Evelyn Collins,69,False,http://drake.com/,keith02@example.org,Male,1919-08-09,Inactive
https://dummyimage.com/865x875,Michael Beasley,18,True,https://thompson-young.com/,hvillanueva@example.org,Female,1992-07-31,Active
https://picsum.photos/731/559,Brandon Adams,95,True,http://www.glass-diaz.biz/,opena@example.com,Male,1949-07-01,Inactive
https://placekitten.com/822/412,Maurice Berry,64,True,http://reed.com/,danielharris@example.org,Male,1974-11-02,Inactive
https://placekitten.com/266/865,Roy Gonzales,22,True,http://www.malone-woods.info/,aibarra@example.org,Male,1934-11-08,Active
https://dummyimage.com/368x581,Heather Moreno,32,True,http://www.lopez-pena.com/,jessica27@example.com,Male,2003-02-03,Active
https://placekitten.com/623/895,Larry Dodson,44,False,http://cabrera-turner.com/,william60@example.com,Female,1925-01-25,Inactive
https://dummyimage.com/1013x591,Janet Thompson,79,False,https://www.harvey-phillips.com/,gavin39@example.org,Female,1971-06-21,Active
https://placekitten.com/958/819,Pamela Love,54,False,http://www.hicks-thomas.com/,ghall@example.net,Female,1936-05-18,Inactive
